source	target
10	9
14	12
19	17
19	18
21	19
21	20
22	16
22	21
23	14
23	15
23	22
25	12
25	13
25	23
25	24
28	27
32	31
35	33
35	34
36	23
36	32
36	35
40	39
41	17
41	20
41	23
41	30
41	35
41	36
41	37
41	38
41	40
42	26
43	26
52	21
52	51
56	53
56	54
56	55
58	14
58	57
59	15
59	56
59	58
60	14
60	35
60	45
60	46
60	47
60	48
60	49
60	50
60	52
60	59
61	45
61	60
62	18
64	33
64	53
64	62
64	63
67	52
67	65
67	66
68	14
69	53
69	68
71	53
71	55
71	64
72	15
72	48
72	53
72	55
72	56
72	64
72	67
72	69
72	70
72	71
73	16
73	51
73	52
73	58
73	69
73	72
74	15
75	16
75	53
76	23
76	33
76	52
76	58
76	74
76	75
77	58
77	74
77	76
78	52
78	58
78	73
78	77
79	67
79	78
81	58
81	74
81	77
81	80
82	16
82	58
82	77
82	81
83	21
83	51
83	52
84	15
84	16
84	57
85	57
85	64
85	71
85	84
88	12
89	12
89	87
90	12
90	48
91	12
91	30
91	51
91	58
91	86
91	87
91	88
91	89
91	90
92	21
92	52
93	21
93	52
94	58
94	74
95	12
95	21
95	23
95	33
95	35
95	36
95	52
95	58
95	59
95	68
95	69
95	74
95	75
95	78
95	82
95	83
95	85
95	91
95	92
95	93
95	94
98	26
98	97
99	21
100	16
101	58
101	81
101	100
102	21
102	51
102	52
102	58
102	69
102	70
102	96
102	100
103	12
104	103
105	14
105	21
105	23
105	35
105	36
105	51
105	52
105	58
105	70
105	76
105	93
106	21
106	23
106	36
106	51
106	52
106	58
106	78
106	101
106	102
106	104
106	105
108	107
110	98
110	109
111	15
111	55
112	38
112	83
112	85
112	102
113	23
113	36
113	59
113	78
114	56
114	57
114	64
114	84
114	85
115	36
115	57
115	84
115	85
116	21
116	22
116	23
116	36
116	51
116	59
116	73
116	78
116	93
116	105
117	21
117	23
117	35
117	36
117	59
117	67
117	78
117	85
117	93
117	111
117	112
117	113
117	114
117	115
117	116
118	12
118	14
118	21
118	23
118	35
118	46
118	65
118	68
119	14
119	16
119	21
119	34
119	48
119	52
119	55
119	58
119	64
119	73
119	77
120	21
120	53
120	64
120	70
120	81
122	17
122	33
122	35
122	57
122	68
122	121
123	23
123	36
123	41
123	59
123	68
123	78
123	119
123	120
123	122
127	17
127	18
127	19
127	31
127	33
127	39
127	48
127	87
130	27
130	128
130	129
133	132
135	17
136	14
136	18
136	37
136	46
136	134
136	135
138	137
139	106
139	115
140	20
140	46
141	20
141	140
142	141
144	143
145	37
145	48
148	147
149	14
149	15
149	21
149	23
149	38
149	52
149	65
149	74
150	19
150	124
150	132
151	18
151	50
151	62
152	132
152	137
152	151
156	140
156	155
157	143
159	17
159	33
159	38
159	62
169	168
170	135
171	160
171	167
171	169
171	170
177	33
177	48
177	87
177	124
177	126
177	134
179	74
179	177
179	178
180	100
181	12
181	16
181	86
181	88
181	89
181	180
182	12
182	30
182	86
182	87
182	88
182	89
182	90
182	181
183	12
183	21
183	30
183	51
183	52
183	83
183	87
183	88
183	90
183	92
183	105
183	181
183	182
191	13
191	58
191	190
192	33
192	49
195	9
195	19
195	33
197	18
198	197
200	12
200	19
200	33
200	38
200	58
200	63
200	86
201	19
201	132
201	138
201	167
204	27
204	129
205	37
207	206
208	104
208	207
211	43
211	98
211	141
212	14
212	49
212	197
217	14
217	122
217	155
217	216
220	23
220	48
220	63
220	144
220	219
222	170
224	42
224	98
224	142
224	184
224	223
228	227
230	143
231	15
231	39
235	234
236	39
239	31
239	62
241	240
243	242
244	16
248	46
248	143
249	168
249	209
250	100
252	18
254	253
257	69
257	155
260	206
260	259
261	14
263	124
264	33
266	46
266	58
266	264
268	73
270	16
270	170
273	14
273	21
273	36
273	48
273	51
273	52
273	53
273	58
273	75
273	77
273	78
273	83
273	93
273	94
273	119
274	14
274	23
274	36
274	38
274	41
274	48
274	51
274	58
274	74
274	75
274	76
274	78
274	83
274	85
274	102
274	105
274	113
274	116
274	178
274	268
274	273
275	103
278	13
278	81
278	101
280	168
281	33
281	37
281	47
281	48
281	103
281	124
281	168
281	188
281	280
282	80
282	197
284	63
284	64
284	236
284	239
284	283
285	81
286	15
286	33
286	48
287	13
288	53
288	54
288	58
288	64
288	69
288	70
288	74
289	168
290	15
290	50
290	259
293	14
293	33
293	72
293	143
293	168
293	234
293	264
293	291
293	292
294	14
294	21
294	35
294	100
294	143
294	155
297	21
297	23
297	54
297	55
297	88
297	149
297	216
299	56
299	83
299	111
299	284
302	14
302	48
302	74
305	135
305	304
306	36
306	51
306	67
306	105
307	59
307	76
307	78
307	112
307	113
307	115
307	306
308	48
308	67
309	38
309	48
310	12
310	21
310	38
310	52
310	57
310	86
310	87
310	88
310	90
310	309
312	12
312	16
312	21
312	23
312	30
312	36
312	51
312	52
312	58
312	59
312	78
312	83
312	85
312	86
312	87
312	88
312	89
312	92
312	93
312	105
312	112
312	113
312	116
312	182
312	310
312	311
314	33
315	9
318	51
318	52
319	34
321	15
321	16
321	48
321	73
322	48
322	50
322	55
322	56
322	58
322	64
322	68
322	69
322	72
322	78
322	270
322	319
322	320
322	321
323	64
323	81
323	285
323	317
323	318
323	322
324	17
324	33
324	50
324	55
324	58
331	12
331	15
331	21
331	23
331	90
331	92
331	111
332	81
332	101
334	9
334	17
334	19
334	33
334	50
334	234
335	243
336	15
338	29
340	339
341	14
341	21
341	23
341	33
341	36
341	48
341	51
341	52
341	53
341	54
341	55
341	58
341	59
341	64
341	67
341	69
341	74
341	78
341	83
341	85
341	86
341	90
341	92
341	93
341	111
341	113
341	116
341	149
341	311
341	331
343	19
343	33
345	344
346	21
346	23
346	52
346	87
347	340
349	67
349	182
349	232
350	12
350	21
350	30
350	51
350	52
350	83
350	87
350	88
350	90
351	21
352	320
353	16
353	100
353	352
354	14
354	68
354	70
354	112
354	351
354	353
356	355
357	16
360	259
362	21
362	58
364	63
364	155
364	363
365	32
367	57
368	14
368	21
368	23
368	36
368	52
368	53
368	55
368	56
368	87
368	88
368	111
368	168
368	259
368	304
371	15
371	57
373	48
373	50
373	74
374	48
377	58
377	376
378	87
378	178
379	24
385	21
385	23
385	36
385	48
385	50
385	53
385	54
385	55
385	58
385	59
385	63
385	64
385	67
385	68
385	69
385	72
385	88
385	319
387	12
387	49
387	87
390	12
390	86
390	88
390	89
390	90
390	181
390	310
392	48
392	55
393	168
393	291
394	358
395	68
396	62
397	38
398	168
399	168
400	9
400	134
400	168
400	370
400	393
400	398
400	399
402	51
402	52
402	53
402	55
402	64
402	71
403	12
403	51
403	52
403	86
403	89
403	90
403	181
403	183
405	16
405	48
405	63
406	16
406	48
406	53
406	55
406	68
406	405
407	14
407	38
411	15
411	21
411	50
411	90
412	68
413	69
413	319
414	58
414	67
415	58
415	74
415	76
415	77
416	45
417	39
417	236
418	227
419	15
419	53
419	55
419	56
419	64
419	69
419	70
419	71
420	16
420	21
420	50
420	51
420	53
420	70
420	73
420	82
420	83
420	92
420	105
420	215
420	419
421	21
421	35
421	36
421	51
421	52
421	53
421	64
421	92
421	105
421	112
421	317
421	318
421	378
421	406
423	180
423	405
424	48
424	134
425	57
425	180
425	369
426	12
426	51
426	52
426	58
426	63
426	67
426	81
426	89
426	94
426	100
426	317
426	390
426	425
428	336
429	48
430	168
433	37
433	155
433	280
434	9
434	197
438	14
438	16
438	30
438	51
438	52
438	270
438	357
440	16
440	53
440	55
440	56
440	67
440	319
441	50
441	54
441	55
441	56
441	64
441	68
441	69
441	311
441	352
441	395
441	397
441	402
442	38
442	48
442	87
442	88
444	107
444	173
444	443
446	10
446	11
446	29
446	42
446	44
446	107
446	110
446	131
446	141
446	146
446	154
446	196
446	204
446	223
446	365
446	443
447	10
447	29
447	109
447	130
447	141
447	185
447	443
447	446
448	51
448	52
448	63
449	33
449	36
449	59
449	78
449	143
449	197
450	11
450	42
450	63
450	365
451	11
451	146
451	166
452	14
454	59
454	78
454	109
455	141
455	340
456	10
456	11
456	26
456	29
456	42
456	43
456	44
456	61
456	67
456	98
456	99
456	107
456	108
456	110
456	133
456	141
456	146
456	211
456	326
456	338
456	365
456	443
456	445
456	446
456	450
456	451
456	452
456	453
456	454
456	455
457	78
457	185
457	307
458	10
458	26
458	41
458	42
458	44
458	61
458	98
458	99
458	110
458	141
458	154
458	163
458	184
458	204
458	211
458	272
458	326
458	443
458	448
458	449
458	456
458	457
459	10
459	29
459	44
459	108
459	141
459	338
459	444
459	445
459	447
459	458
460	29
460	42
461	23
461	107
461	142
462	10
462	11
462	29
462	43
462	98
462	443
462	445
462	450
462	461
463	11
463	29
463	36
463	211
464	36
464	78
464	85
464	130
464	204
464	445
464	457
465	79
465	130
465	142
465	154
465	443
465	454
465	464
466	25
466	109
466	443
468	11
468	19
468	42
468	43
468	98
468	110
468	141
468	142
468	146
468	223
468	365
468	452
468	467
469	21
469	36
469	52
469	56
469	93
469	116
470	15
470	21
470	22
470	23
470	36
470	63
470	78
470	116
470	312
470	406
470	469
471	21
471	29
471	36
471	41
471	48
471	78
471	83
471	85
471	92
471	93
471	105
471	112
471	113
471	115
471	116
471	185
471	306
471	312
471	350
471	469
471	470
472	42
472	450
473	36
473	59
473	78
473	92
473	105
473	112
473	115
473	139
473	306
473	307
473	470
474	139
474	307
474	473
475	36
475	53
475	55
475	64
475	67
475	69
475	125
476	23
476	36
476	58
476	59
476	67
476	77
476	78
476	85
476	102
476	115
476	116
476	306
476	469
476	475
477	42
477	365
478	36
478	59
478	78
478	116
478	274
478	306
478	307
478	312
478	322
478	414
478	432
478	457
479	29
479	43
479	44
479	61
479	99
479	110
479	131
479	338
479	443
479	458
479	460
479	478
480	11
480	29
480	110
480	141
480	204
482	43
482	131
482	141
482	460
483	43
483	141
483	211
483	272
483	457
483	460
483	471
483	476
483	477
483	479
483	480
483	481
483	482
484	115
484	139
484	347
485	23
485	35
485	36
485	59
485	78
485	83
485	85
485	92
485	100
485	105
485	112
485	113
485	116
485	346
486	307
487	448
487	457
487	485
487	486
489	486
489	488
490	486
490	487
490	488
490	489
491	307
491	486
491	487
491	489
491	490
492	139
492	487
492	491
493	103
493	473
495	139
497	106
497	139
497	473
497	484
497	492
497	493
497	494
497	495
497	496
498	26
498	42
498	141
498	443
500	10
500	11
500	42
500	98
500	146
500	223
500	445
500	499
501	10
501	28
501	44
501	61
501	139
501	184
501	498
501	500
502	98
502	347
503	33
504	25
504	35
504	36
504	52
504	96
504	120
504	133
504	207
504	306
504	376
504	503
505	50
505	53
505	54
505	55
505	56
505	64
505	67
505	69
505	70
505	71
505	72
505	288
505	309
505	319
505	411
505	419
505	475
506	21
506	23
506	35
506	36
506	52
506	53
506	55
506	56
506	58
506	59
506	64
506	68
506	72
506	75
506	78
506	81
506	83
506	85
506	89
506	91
506	93
506	95
506	105
506	111
506	112
506	113
506	114
506	115
506	116
506	120
506	149
506	306
506	307
506	310
506	311
506	331
506	350
506	354
506	376
506	407
506	469
506	470
506	505
507	21
507	23
507	36
507	42
507	52
507	59
507	78
507	102
507	111
507	112
507	113
507	139
507	306
507	457
507	506
508	52
508	139
508	308
508	317
508	438
508	457
508	470
509	10
509	21
509	27
509	107
509	274
509	365
509	443
509	448
510	10
510	29
510	42
510	44
510	61
510	107
510	443
510	445
510	454
510	456
510	498
510	508
510	509
511	338
512	78
512	98
512	185
513	26
513	28
513	29
513	42
513	98
513	107
513	110
513	141
513	443
514	21
514	36
514	52
514	59
514	78
514	115
514	116
514	306
514	307
514	469
514	470
515	29
515	61
515	98
515	146
515	223
515	449
515	470
515	511
515	512
515	513
515	514
516	10
516	29
516	42
516	44
516	61
516	107
516	109
516	110
516	141
516	223
516	365
516	443
516	450
516	510
516	511
516	515
517	16
517	53
517	55
517	56
517	58
517	64
517	72
517	288
517	421
518	24
518	53
518	405
518	423
518	517
519	14
519	21
519	23
519	51
519	52
519	88
519	89
519	183
519	405
519	518
520	36
520	59
520	78
520	83
520	85
520	350
521	23
521	59
521	78
521	83
521	113
521	139
521	307
521	350
521	457
521	519
521	520
522	113
522	139
522	457
522	473
523	48
523	56
523	57
523	64
523	71
523	85
523	105
523	114
523	115
523	309
524	139
524	310
524	523
525	53
526	16
526	21
526	51
526	52
526	58
526	73
526	83
526	91
526	92
526	94
526	101
526	105
526	119
526	268
526	273
526	312
526	402
526	415
526	438
526	525
527	34
527	53
527	55
527	56
527	69
527	72
527	312
527	319
527	322
527	351
527	353
527	402
527	411
527	419
527	440
528	23
528	36
528	76
528	78
528	85
528	95
528	96
529	16
529	36
529	51
529	52
529	58
529	59
529	73
529	78
529	83
529	113
529	114
529	116
529	273
529	469
529	528
530	21
530	51
530	52
530	69
530	71
530	83
530	92
530	93
530	139
530	183
530	473
530	520
530	529
531	36
531	57
531	66
531	67
531	85
532	21
532	30
532	57
532	84
532	320
532	350
532	531
533	55
533	64
533	70
533	182
533	310
533	402
534	67
534	69
534	70
534	385
534	390
535	53
535	69
535	70
535	71
535	72
535	73
535	83
535	182
535	349
535	402
535	419
536	58
536	77
537	16
537	21
537	36
537	51
537	52
537	58
537	59
537	64
537	67
537	75
537	76
537	77
537	78
537	81
537	82
537	83
537	91
537	94
537	101
537	105
537	112
537	114
537	115
537	119
537	266
537	268
537	273
537	285
537	312
537	317
537	321
537	322
537	350
537	402
537	415
537	438
537	457
537	473
537	526
537	536
538	53
538	69
538	70
538	71
538	73
538	88
538	120
538	350
538	390
538	402
538	419
538	535
539	57
539	84
539	85
539	114
539	115
539	121
539	371
539	531
540	57
540	69
540	71
540	139
540	322
540	402
540	508
540	526
540	527
540	530
540	531
540	532
540	533
540	534
540	535
540	537
540	538
540	539
541	50
541	52
541	53
541	56
541	64
541	69
541	71
541	72
541	85
541	311
541	322
541	373
541	403
541	531
541	535
541	540
542	36
542	67
542	68
542	69
542	78
542	112
542	308
542	322
542	346
542	395
542	442
542	475
542	534
543	69
543	83
543	85
543	139
543	322
543	440
543	524
543	541
543	542
544	48
544	50
544	53
544	55
544	56
544	64
544	67
544	68
544	69
544	70
544	72
544	83
544	105
544	112
544	311
544	319
544	322
544	362
544	402
544	413
544	419
544	531
544	535
544	543
545	53
545	56
545	64
545	67
545	69
545	73
545	139
545	306
545	312
545	402
545	419
545	544
546	78
546	116
546	139
546	457
546	522
546	545
547	313
548	27
548	130
548	139
548	146
548	223
548	446
548	448
548	473
549	14
549	27
549	153
549	158
549	313
549	443
549	547
549	548
550	21
550	53
550	54
550	55
550	57
550	69
550	71
550	149
550	309
550	310
550	411
551	34
551	56
551	139
551	312
551	438
551	457
551	473
551	544
551	546
551	550
552	36
552	115
552	546
552	549
552	551
553	339
553	340
554	553
555	81
555	139
555	340
556	21
556	52
556	58
556	59
556	74
556	78
556	83
556	93
556	112
556	113
556	114
556	115
556	120
556	139
556	312
556	323
556	346
556	438
556	457
556	469
556	470
556	473
556	526
556	555
557	113
557	196
557	443
560	98
561	36
561	85
561	102
561	105
561	114
561	115
561	122
561	139
561	149
561	306
561	311
561	457
561	473
562	23
563	23
563	35
563	36
563	38
563	59
563	69
563	78
563	83
563	85
563	95
563	105
563	113
563	114
563	115
563	122
563	123
563	139
563	306
563	307
563	346
563	457
563	562
564	25
564	27
564	131
564	143
564	153
564	184
564	191
564	443
565	14
565	21
565	23
565	36
565	72
565	85
565	122
565	408
565	429
566	139
566	141
566	454
567	29
567	185
567	445
567	454
568	14
568	23
568	139
569	10
569	142
569	454
569	481
569	567
569	568
570	139
570	457
571	339
572	340
572	347
572	571
573	340
573	347
574	570
574	572
574	573
575	14
575	21
575	23
575	30
575	35
575	36
575	51
575	52
575	58
575	59
575	67
575	78
575	82
575	87
575	92
575	94
575	95
575	100
575	116
575	143
575	270
575	275
575	282
575	287
575	318
575	377
575	432
575	525
576	139
576	142
576	473
577	344
578	186
578	526
578	553
578	577
579	36
579	78
579	83
579	105
579	112
579	115
579	306
579	345
580	17
580	19
580	25
580	33
580	40
580	62
580	143
580	169
580	199
580	236
581	9
581	10
581	11
581	44
581	61
581	110
581	454
582	11
582	42
582	340
582	443
582	450
582	581
583	139
583	473
583	545
584	78
584	115
584	139
584	307
584	457
584	524
585	34
585	48
585	56
585	72
585	91
585	139
585	310
585	319
585	419
585	457
585	473
585	527
585	541
586	78
586	139
586	307
586	457
586	473
586	528
586	529
587	53
587	76
587	78
587	83
587	92
587	139
587	306
587	307
587	457
587	473
587	522
587	526
587	528
587	529
587	545
587	585
587	586
588	139
588	457
588	583
588	587
589	48
589	112
589	402
590	112
590	139
590	354
590	457
590	473
590	522
590	545
590	546
590	589
591	139
591	473
592	139
592	457
592	473
592	545
592	583
592	584
592	588
592	590
592	591
593	139
593	307
593	457
593	473
593	583
593	592
594	522
594	524
594	583
594	593
595	128
595	325
595	443
595	454
596	10
596	29
596	44
596	61
596	131
596	443
597	14
597	20
597	21
597	23
597	35
597	36
597	52
597	55
597	57
597	58
597	59
597	63
597	67
597	68
597	76
597	78
597	81
597	83
597	93
597	100
597	102
597	105
597	111
597	114
597	120
597	121
597	123
597	124
597	136
597	139
597	170
597	177
597	200
597	297
597	407
597	419
597	421
597	475
598	23
598	36
598	58
598	64
598	71
598	85
598	105
598	114
598	115
598	119
598	139
598	149
598	183
598	288
598	306
598	312
598	421
598	438
598	448
598	457
598	473
599	139
600	139
600	283
600	347
600	473
600	570
600	572
600	573
601	139
601	473
601	570
602	139
602	307
602	457
602	583
602	586
602	588
602	593
603	11
603	42
603	131
603	443
604	131
604	157
604	204
604	211
604	443
604	482
604	557
605	26
605	42
605	347
605	482
605	604
606	470
606	548
606	605
607	341
607	474
607	598
607	599
607	600
607	601
607	602
607	603
607	605
607	606
609	21
609	23
609	35
609	36
609	52
609	55
609	58
609	64
609	67
609	69
609	73
609	77
609	83
609	85
609	92
609	93
609	112
609	113
609	115
609	116
609	118
609	134
609	139
609	306
609	307
609	312
609	322
609	324
609	349
609	350
609	351
609	354
609	402
609	419
609	457
609	469
609	470
609	473
609	589
610	22
610	23
610	36
610	59
610	78
610	99
610	112
610	113
610	118
610	120
610	377
610	525
611	23
611	36
611	51
611	52
611	59
611	78
611	83
611	112
611	113
611	115
611	139
611	306
611	307
611	350
611	457
611	473
611	520
612	21
612	30
612	52
612	70
612	88
612	92
612	93
612	312
612	350
612	411
613	21
613	83
613	92
613	93
613	105
613	126
613	312
613	612
614	23
614	36
614	59
614	78
614	83
614	85
614	112
614	113
614	114
614	115
614	116
614	139
614	193
614	206
614	306
614	307
614	457
614	469
614	470
614	476
614	486
614	520
614	522
614	609
614	610
614	611
614	613
615	185
616	25
616	41
616	114
616	122
616	136
616	140
616	149
616	294
618	26
618	43
618	443
619	29
619	274
620	36
620	78
620	114
620	306
620	312
621	10
621	61
621	141
621	146
621	223
621	443
622	185
624	41
625	42
625	141
625	142
625	191
625	338
625	443
625	456
625	458
625	462
625	481
625	498
625	509
625	511
625	548
625	568
625	608
625	621
625	622
625	623
625	624
626	95
626	139
626	144
626	457
629	114
630	16
630	22
630	51
630	58
630	67
630	102
630	318
631	115
631	139
631	306
631	473
631	572
631	630
632	58
632	95
632	139
632	583
632	631
633	36
633	78
633	105
633	112
633	113
633	115
633	139
633	306
633	307
633	457
633	473
633	520
634	36
634	115
634	139
634	457
635	141
635	223
636	629
636	632
636	633
636	634
636	635
637	10
637	44
637	105
637	107
637	443
638	284
639	486
639	638
640	139
640	284
640	473
640	486
640	487
640	488
640	489
640	638
640	639
641	457
642	223
643	141
643	211
643	450
643	454
643	464
644	41
644	139
644	313
644	473
646	139
646	558
647	139
647	473
648	139
648	558
649	139
649	558
649	583
649	646
649	647
649	648
650	48
650	58
650	139
650	473
651	42
651	139
651	141
651	223
651	272
651	443
651	446
651	473
651	637
652	283
652	310
652	542
653	75
653	114
653	139
653	421
653	652
654	139
654	649
654	650
654	651
654	653
655	44
655	79
655	107
656	10
656	29
656	95
656	98
656	107
657	29
657	42
657	109
657	141
657	211
657	223
657	498
658	11
658	42
658	107
658	365
658	450
658	656
659	141
660	42
661	5
661	29
661	107
661	108
661	211
661	443
661	446
661	454
661	456
661	458
661	583
661	624
661	660
662	10
662	11
662	29
662	42
662	43
662	61
662	79
662	98
662	103
662	107
662	108
662	109
662	141
662	151
662	211
662	236
662	365
662	443
662	450
662	454
662	462
662	466
662	480
662	509
662	510
662	511
662	512
662	513
662	568
662	621
662	637
662	655
662	656
662	657
662	658
662	659
662	661
663	28
663	29
663	42
663	44
663	107
663	108
663	109
663	110
663	340
663	443
663	445
663	456
663	458
663	548
663	660
664	11
664	26
664	42
664	211
665	13
665	26
665	28
665	44
665	61
665	443
665	457
665	498
665	637
667	23
667	35
667	78
667	85
667	92
667	93
667	105
667	113
667	114
667	115
667	118
667	200
667	232
667	274
667	284
667	304
667	311
667	341
667	580
668	44
668	108
668	443
668	480
669	20
669	21
669	23
669	35
669	36
669	56
669	58
669	59
669	93
669	111
669	112
669	115
669	116
669	120
669	149
669	273
669	306
669	311
669	312
669	320
669	354
670	36
670	85
670	115
670	139
670	149
670	306
670	669
671	36
671	306
671	331
672	36
672	58
672	78
672	85
672	91
672	105
672	112
672	115
672	120
672	139
672	273
672	349
672	351
672	419
672	470
672	473
672	523
672	524
672	524
672	526
672	671
673	139
673	149
673	362
673	473
673	670
673	672
674	184
674	196
676	23
676	46
676	51
676	52
676	53
676	103
676	197
676	267
677	139
677	457
678	20
678	25
678	35
678	36
678	52
678	85
678	105
678	122
678	149
678	199
678	354
679	571
681	113
681	139
681	312
681	469
681	478
681	553
681	570
681	678
681	679
681	680
682	139
682	307
682	457
682	473
684	83
684	133
684	486
684	487
684	489
684	491
684	586
684	627
684	677
684	682
684	683
685	38
685	67
685	68
686	67
686	421
686	531
686	685
687	543
687	544
687	652
688	55
688	56
688	67
688	85
688	168
689	67
690	56
690	67
690	306
690	351
690	353
690	354
690	440
690	475
690	531
690	545
690	687
690	688
690	689
691	56
691	67
691	139
691	354
691	473
691	506
691	545
691	687
691	688
691	690
692	36
692	48
692	53
692	55
692	56
692	64
692	67
692	69
692	112
692	115
692	139
692	306
692	310
692	322
692	457
692	473
692	475
692	524
692	545
692	652
693	64
693	67
693	70
693	73
693	139
693	309
693	421
693	526
693	543
693	545
693	692
694	67
694	139
694	405
694	419
694	423
694	475
694	518
694	524
694	531
694	533
694	542
694	545
694	693
695	58
695	75
696	57
696	58
696	75
696	76
696	77
696	82
696	266
696	273
696	351
696	695
697	322
697	533
697	544
697	545
697	546
697	694
697	696
698	34
698	55
698	69
698	72
698	139
698	312
698	457
698	473
698	527
698	550
698	551
698	585
699	38
699	53
699	55
699	56
699	64
699	67
699	68
699	69
699	70
699	72
699	120
699	139
699	270
699	309
699	319
699	322
699	402
699	411
699	419
699	441
700	68
700	69
701	58
701	63
701	67
701	76
701	139
701	351
701	438
701	473
701	475
701	524
701	531
702	36
702	56
702	70
702	78
702	311
702	312
702	341
702	354
702	402
702	545
703	36
703	53
703	58
703	75
703	76
703	77
703	82
703	112
703	263
703	274
703	288
703	526
703	537
703	695
704	317
704	457
705	16
705	34
705	36
705	51
705	58
705	75
705	76
705	77
705	82
705	112
705	119
705	415
705	421
705	438
706	36
706	51
706	73
706	78
706	115
706	119
706	139
706	273
706	312
706	317
706	421
706	438
706	470
706	473
706	520
706	526
706	535
706	537
706	538
706	540
706	546
706	652
706	703
706	704
706	705
707	36
707	70
707	78
707	112
707	115
707	119
707	139
707	273
707	457
707	470
707	473
707	476
707	508
707	520
707	522
707	526
707	537
707	540
707	545
707	551
707	702
707	705
707	706
708	53
708	56
708	67
708	69
708	93
708	105
708	139
708	346
708	457
708	469
708	473
708	475
708	523
708	531
708	541
708	544
708	545
708	652
708	701
709	53
709	55
709	56
709	64
709	71
709	72
709	288
709	373
709	505
709	545
709	590
709	692
709	694
709	697
709	701
709	708
710	16
710	78
710	113
710	115
710	139
710	470
710	473
710	520
710	522
710	524
710	543
710	546
710	551
710	652
710	652
710	691
710	692
710	697
710	698
710	699
710	700
710	701
710	707
710	709
711	16
711	21
711	35
711	38
711	56
711	64
711	78
711	85
711	93
711	105
711	115
711	312
712	36
712	63
712	78
712	85
712	112
712	115
712	139
712	200
712	273
712	274
712	457
713	21
713	23
713	35
713	36
713	58
713	59
713	74
713	77
713	78
713	83
713	85
713	284
713	421
714	21
714	36
714	58
714	59
714	81
714	83
714	85
714	92
714	105
714	111
714	112
714	115
714	139
714	273
714	312
714	331
714	341
714	346
714	350
714	354
714	448
714	457
714	469
714	470
714	473
714	506
714	522
714	526
714	545
714	546
714	613
714	711
714	712
714	713
715	14
715	21
715	23
715	36
715	37
715	51
715	52
715	59
715	63
715	78
715	83
715	85
715	112
715	113
715	114
715	115
715	116
715	122
715	123
715	135
715	149
715	202
715	270
715	306
715	307
715	377
715	421
716	92
716	105
717	83
717	312
717	448
717	520
717	551
717	611
717	693
717	716
718	13
718	14
718	16
718	21
718	35
718	36
718	58
718	59
718	67
718	78
718	112
718	116
718	139
718	306
718	312
718	457
718	473
718	485
718	522
718	528
718	531
718	543
718	545
718	546
718	583
718	587
718	590
718	591
718	614
718	652
718	686
718	710
718	714
718	715
718	717
720	42
720	44
720	131
720	365
720	401
720	443
720	450
720	507
721	42
721	61
721	131
721	139
721	443
721	451
721	457
721	470
721	473
721	498
721	522
721	568
721	615
722	36
722	115
722	139
722	306
722	341
722	347
723	297
724	41
724	93
724	115
724	139
724	297
724	312
724	506
724	722
724	723
725	36
725	85
725	105
725	139
725	274
725	306
725	473
726	21
726	23
726	36
726	59
726	76
726	78
726	83
726	93
726	95
726	112
726	113
726	115
726	116
726	306
726	311
726	350
726	457
726	469
726	589
727	23
727	36
727	59
727	78
727	111
727	112
727	113
727	114
727	115
727	139
727	306
727	307
727	457
727	473
727	506
727	522
727	712
728	19
728	23
728	36
728	59
728	78
728	85
728	112
728	113
728	114
728	115
728	116
728	139
728	306
728	307
728	341
728	457
728	469
728	470
728	473
728	476
728	478
728	520
728	522
728	524
728	671
728	681
728	692
728	701
728	712
728	725
728	726
728	727
729	42
729	107
729	130
729	443
729	511
729	622
730	322
731	16
731	21
731	32
731	57
731	93
731	121
731	312
731	546
731	587
731	730
732	23
732	36
732	72
732	78
732	85
732	113
732	115
732	116
732	139
732	306
732	307
732	457
732	469
732	470
732	473
732	476
732	514
732	520
732	522
732	586
733	139
733	284
733	457
734	154
735	443
736	10
736	11
736	26
736	98
736	141
736	142
736	272
737	486
737	627
739	486
739	487
739	489
739	491
739	682
739	738
740	78
740	307
740	457
740	486
740	487
740	586
741	486
741	487
741	490
741	491
741	677
741	682
741	683
741	737
741	739
741	740
742	114
742	139
742	236
742	583
743	78
743	115
743	139
743	307
743	457
743	473
744	78
744	115
744	139
744	307
744	312
744	457
744	572
744	583
744	586
745	139
745	457
745	473
745	486
745	487
745	584
745	593
746	23
746	36
746	59
746	78
746	112
746	113
746	115
746	116
746	139
746	306
746	307
746	312
746	457
746	469
746	470
746	473
746	486
746	490
746	491
746	514
746	520
746	522
746	529
746	546
746	572
746	573
746	583
746	602
746	614
746	649
746	712
746	713
746	717
746	725
746	743
746	744
746	745
747	95
747	139
747	443
748	11
748	42
748	365
749	11
749	42
749	44
749	365
749	401
749	443
749	445
749	450
749	456
749	480
749	498
749	548
749	581
749	604
749	747
749	748
750	51
750	73
750	74
750	378
750	423
750	525
751	526
751	750
752	11
752	27
752	28
752	29
752	42
752	44
752	79
752	107
752	110
752	139
752	141
752	146
752	166
752	185
752	338
752	339
752	365
752	443
752	457
752	473
752	522
753	42
753	43
753	67
753	93
753	139
753	211
753	326
753	443
753	446
753	449
753	451
753	456
753	457
753	458
753	460
753	473
753	507
753	512
753	615
753	719
754	21
754	23
754	35
754	36
754	59
754	67
754	78
754	83
754	89
754	93
754	105
754	111
754	112
754	113
754	114
754	115
754	116
754	149
754	181
754	306
754	320
754	346
754	350
754	354
754	387
754	390
754	414
754	421
754	469
754	531
755	253
755	306
755	457
756	11
756	29
756	657
757	272
758	10
758	29
758	107
758	108
758	131
758	142
758	757
759	12
759	26
759	36
759	51
759	52
759	58
759	59
759	64
759	67
759	70
759	75
759	78
759	87
759	88
759	101
759	106
759	112
759	113
759	115
759	116
759	139
759	153
759	183
759	266
759	268
759	306
759	307
759	311
759	312
759	322
759	354
759	438
759	457
760	141
760	223
761	173
761	186
762	139
762	761
763	38
763	58
763	139
763	273
763	473
763	526
763	583
763	703
763	762
764	20
764	33
764	38
764	234
765	448
766	14
766	18
766	168
767	100
767	123
767	136
767	138
767	234
767	280
767	580
767	766
768	473
768	647
768	648
769	37
769	38
769	40
769	49
769	50
769	54
769	57
769	65
769	69
769	78
769	85
769	121
769	151
769	155
769	262
769	294
769	304
770	129
770	272
770	443
770	445
770	454
771	21
771	31
771	35
771	36
771	59
771	62
771	78
771	85
771	99
771	112
771	116
771	274
771	312
772	83
772	105
773	11
773	61
773	110
773	130
773	142
773	146
773	223
773	450
773	452
773	454
773	455
773	509
773	511
773	659
773	734
773	772
775	139
776	139
776	775
777	139
778	450
778	512
779	29
779	42
779	107
779	141
779	365
779	467
780	43
780	224
780	443
780	458
780	459
780	779
781	36
781	114
781	236
781	312
781	417
781	679
782	347
782	553
782	781
783	467
784	139
784	473
784	553
784	583
784	588
784	591
785	14
785	23
785	51
785	52
785	53
785	58
785	63
785	64
785	69
785	73
785	75
785	81
785	82
785	119
785	139
785	183
785	268
785	270
785	285
785	288
785	312
785	373
785	419
785	421
785	425
785	438
785	457
785	473
785	522
786	69
786	71
786	72
786	311
786	438
786	526
786	534
786	545
787	81
787	85
787	114
787	139
787	506
787	526
787	537
787	551
787	785
787	786
788	95
788	115
788	139
788	551
789	114
789	139
789	473
789	526
789	583
789	787
789	788
790	139
790	473
790	553
790	583
791	139
791	340
791	473
791	553
791	583
791	588
791	591
791	675
791	784
791	789
791	790
792	112
792	139
792	457
792	473
792	587
792	590
793	486
794	486
794	491
795	486
795	487
795	491
795	638
795	793
795	794
796	115
796	139
798	139
798	307
798	457
798	473
798	486
798	487
798	717
798	794
799	139
800	282
801	800
802	117
802	139
802	307
802	443
802	457
802	470
802	473
802	476
802	573
802	644
802	722
802	800
803	21
803	139
803	457
803	469
803	473
803	486
803	491
803	666
803	684
803	717
803	792
803	795
803	796
803	797
803	798
803	799
803	801
803	802
804	63
804	312
804	457
804	473
806	139
806	473
806	679
807	473
807	584
807	586
807	588
808	115
808	139
808	340
808	583
809	85
809	139
809	524
809	583
809	588
809	593
809	808
810	139
810	473
810	588
810	591
810	717
810	762
811	583
811	584
811	588
811	591
811	593
811	790
811	807
811	809
811	810
812	338
812	446
812	511
813	206
814	36
814	105
814	139
815	23
815	59
815	78
815	113
815	307
815	457
815	473
815	520
815	522
815	570
815	573
815	678
815	680
815	681
815	814
816	21
816	23
816	35
816	36
816	52
816	53
816	54
816	55
816	58
816	69
816	71
816	72
816	76
816	78
816	83
816	93
816	95
816	112
816	115
816	139
816	311
816	312
816	457
816	473
816	589
817	21
817	52
817	64
817	68
817	83
817	93
817	105
817	311
817	381
817	589
817	711
817	816
818	112
818	114
818	469
818	470
818	476
819	57
819	69
819	83
819	105
819	115
819	306
819	311
819	312
819	322
819	457
819	475
819	523
819	817
819	818
820	14
820	21
820	23
820	35
820	36
820	52
820	59
820	67
820	78
820	83
820	93
820	105
820	112
820	113
820	114
820	115
820	116
820	306
820	307
820	311
820	312
820	346
820	350
820	354
820	387
820	421
820	469
820	529
821	20
821	36
821	38
821	78
821	95
821	111
821	112
821	331
821	695
822	16
822	21
822	34
822	53
822	54
822	64
822	69
822	76
822	112
822	288
822	319
822	321
822	322
822	331
822	406
822	421
823	23
823	35
823	59
823	76
823	111
823	112
823	116
823	117
823	139
823	200
823	457
823	470
823	473
823	476
823	478
823	506
823	522
823	545
823	695
823	726
823	781
823	819
823	820
823	821
823	822
824	93
824	116
824	139
824	457
824	469
824	473
824	522
824	545
824	546
824	585
824	717
824	726
825	139
825	457
825	543
825	583
825	584
825	587
825	588
825	591
825	652
826	52
826	78
826	83
826	85
826	139
826	307
826	317
826	457
826	517
826	528
826	529
826	584
826	586
826	587
826	593
826	707
826	790
826	809
826	824
826	825
827	524
827	652
828	21
828	139
828	284
828	457
828	470
828	473
828	514
828	522
828	583
828	591
828	593
828	808
829	333
830	23
830	36
830	58
830	75
830	76
830	77
830	78
830	81
830	85
830	101
830	112
830	113
830	119
830	263
830	273
830	306
830	312
830	829
831	21
831	36
831	51
831	52
831	58
831	59
831	82
831	83
831	92
831	93
831	105
831	112
831	113
831	115
831	139
831	306
831	307
831	312
831	448
831	457
831	469
831	470
831	473
831	520
831	830
832	57
832	58
832	74
832	75
832	76
832	85
832	114
832	115
832	139
832	523
832	524
832	583
833	57
833	67
833	84
833	115
833	139
833	523
833	531
833	539
833	540
833	550
833	832
835	223
835	454
835	508
835	583
835	834
836	21
836	23
836	36
836	52
836	59
836	78
836	83
836	85
836	92
836	93
836	105
836	112
836	113
836	114
836	115
836	116
836	118
836	126
836	139
836	149
836	306
836	307
836	331
836	362
836	457
836	469
836	473
836	476
836	486
836	514
836	520
836	522
836	586
836	712
836	713
836	725
837	52
837	139
837	438
837	457
837	473
837	524
837	525
838	36
838	48
838	51
838	55
838	267
839	50
839	288
839	317
839	323
839	421
839	438
839	526
839	837
839	838
840	16
840	53
840	58
840	64
840	70
840	72
840	73
840	288
840	517
840	652
840	786
840	787
841	16
841	56
841	72
841	73
841	139
841	312
841	419
841	421
841	438
841	473
841	526
841	535
841	542
841	544
841	583
841	587
841	652
841	697
841	785
842	36
842	57
842	85
842	114
842	139
842	473
842	531
842	533
842	540
842	583
842	593
842	598
842	841
843	36
843	306
843	473
843	546
843	590
843	692
843	707
843	725
843	728
843	842
844	53
844	55
844	57
844	64
844	67
844	115
844	139
844	306
844	312
844	473
844	524
844	531
844	545
844	550
845	67
845	115
845	139
845	543
845	545
845	551
845	583
845	694
845	707
845	762
845	844
846	115
846	139
846	572
846	583
846	591
847	106
847	115
847	139
847	524
847	545
847	583
847	584
847	593
847	787
847	809
847	832
847	846
848	36
848	67
848	112
848	115
848	306
848	457
848	473
848	531
848	544
848	545
848	587
848	590
848	686
848	701
848	717
848	843
848	845
848	847
849	139
849	224
849	457
849	473
849	487
849	490
849	508
849	522
849	524
849	545
849	546
849	552
849	584
849	586
849	587
849	588
849	591
849	593
849	707
849	717
849	762
849	790
849	826
849	827
849	828
849	831
849	833
849	835
849	836
849	839
849	840
849	848
850	115
850	139
850	312
850	573
851	14
851	21
851	23
851	35
851	36
851	51
851	52
851	58
851	59
851	74
851	76
851	77
851	78
851	80
851	83
851	85
851	93
851	95
851	102
851	112
851	113
851	114
851	115
851	116
851	139
851	180
851	268
851	306
851	425
851	457
851	469
851	470
851	473
851	476
851	514
851	520
851	522
851	526
851	528
851	529
851	552
851	583
851	586
851	591
851	787
852	78
852	457
853	32
853	177
854	51
854	52
854	67
854	139
854	417
854	473
854	520
854	524
854	572
855	443
856	67
856	139
856	310
856	405
856	457
856	473
856	524
856	545
856	589
857	36
857	58
857	115
857	119
857	139
857	473
858	139
858	473
858	804
859	115
859	139
859	438
859	583
859	834
860	139
860	473
860	583
860	593
860	631
860	788
860	790
860	856
860	857
860	858
860	859
861	11
861	29
861	98
862	175
862	243
863	254
863	344
864	12
864	15
864	58
864	63
864	74
864	75
864	82
864	87
864	90
864	94
864	112
864	115
864	134
864	183
864	266
864	268
864	273
864	274
864	283
864	310
864	320
864	321
864	323
864	369
864	404
864	409
864	414
864	438
864	442
864	457
864	469
864	470
864	522
864	524
864	526
864	532
864	545
864	862
864	863
865	26
865	42
865	43
865	131
865	443
865	481
866	16
866	36
866	115
866	139
866	274
866	306
866	517
866	518
867	11
867	44
867	61
867	146
867	166
867	263
867	445
867	458
867	463
867	509
867	719
868	139
868	473
868	583
868	584
868	588
868	591
868	717
868	790
868	810
870	42
870	78
870	85
870	131
870	139
870	141
870	142
870	223
870	443
870	457
870	464
870	473
870	480
870	522
870	549
870	869
871	78
871	307
871	457
871	486
871	487
871	546
871	584
871	586
871	587
871	593
871	716
871	794
872	29
872	110
872	141
872	142
872	211
872	223
872	734
873	113
873	139
873	457
873	470
873	473
873	508
873	555
873	647
874	153
874	345
875	32
875	61
875	110
875	141
875	443
875	499
875	747
876	114
876	776
877	36
877	78
877	93
877	112
877	115
877	139
877	306
877	457
877	469
877	473
877	520
877	528
877	713
878	139
878	253
878	254
878	306
878	473
878	583
878	652
878	652
878	755
879	340
880	27
880	130
881	443
882	36
882	704
883	128
883	131
883	272
883	340
884	28
884	29
884	42
884	43
884	63
884	79
884	141
884	146
884	154
884	204
884	223
884	347
884	365
884	443
884	450
884	456
884	459
884	460
884	499
884	502
884	509
884	511
884	512
884	515
884	557
884	615
884	643
884	651
884	655
884	756
884	770
884	778
884	783
884	812
884	865
884	867
884	881
884	882
884	883
885	16
885	36
885	115
885	139
887	139
887	312
887	473
887	506
887	523
887	583
887	751
887	808
888	139
888	283
888	347
888	473
888	570
888	572
888	573
888	600
889	16
889	58
890	85
890	114
890	115
890	139
890	347
890	583
890	889
891	115
891	583
891	707
891	809
891	890
892	40
892	103
893	14
893	67
893	124
893	133
893	143
893	176
893	304
893	307
893	525
893	531
894	123
894	311
894	523
895	449
895	486
895	487
895	638
895	738
897	36
897	58
897	63
897	67
897	74
897	75
897	76
897	77
897	78
897	81
897	82
897	102
897	207
897	214
897	284
898	49
898	55
898	143
898	277
899	102
899	139
899	254
899	312
899	406
899	421
899	443
899	525
900	537
901	53
901	56
901	63
901	72
901	318
901	321
901	405
902	139
902	457
902	473
902	522
902	901
903	63
903	274
903	478
903	598
903	619
903	724
903	732
903	751
903	762
903	765
903	788
903	887
903	902
904	53
904	55
904	56
904	122
904	124
904	302
904	322
904	411
904	419
904	853
905	191
906	56
906	63
906	219
906	419
907	215
907	221
908	21
908	36
908	59
908	176
908	239
909	85
909	725
910	36
910	65
910	115
910	139
910	473
910	831
910	857
911	14
911	306
912	128
912	129
913	130
913	163
913	185
913	451
913	912
914	155
914	364
915	21
915	139
915	470
915	522
915	629
915	858
915	885
916	11
916	44
916	61
916	141
916	146
916	196
916	223
916	443
916	446
916	456
916	458
916	509
916	557
916	875
917	57
917	67
917	68
917	310
917	390
917	425
917	531
917	532
918	36
918	266
918	306
918	322
918	526
918	531
918	532
918	535
918	540
918	689
918	917
919	36
919	48
919	51
919	53
919	55
919	56
919	64
919	69
919	72
919	115
919	139
919	311
919	322
919	421
919	473
919	526
919	535
919	542
919	545
919	652
919	692
920	53
920	57
920	306
920	311
920	317
920	373
920	520
920	526
920	537
920	704
920	705
920	918
920	919
921	58
921	76
921	82
921	537
921	542
921	545
921	695
921	703
921	830
922	36
922	306
922	473
922	475
922	545
922	583
922	701
922	840
922	918
923	58
923	75
923	76
923	77
923	82
923	94
923	273
923	285
923	321
923	414
924	36
924	53
924	55
924	58
924	81
924	92
924	114
924	139
924	149
924	183
924	273
924	312
924	406
924	473
924	526
924	528
924	535
924	537
924	543
924	586
924	652
924	694
924	787
925	16
925	36
925	58
925	75
925	77
925	82
925	105
925	139
925	273
925	306
925	473
925	526
925	537
925	588
925	707
925	832
925	837
925	840
925	846
925	920
925	921
925	922
925	923
925	924
926	139
926	473
928	496
928	583
929	139
929	583
929	809
929	928
930	133
930	549
930	628
932	276
932	358
932	394
933	115
933	139
933	473
933	583
933	733
933	788
934	59
934	95
934	377
934	428
935	16
935	115
935	139
935	306
935	473
935	529
935	934
936	157
936	318
936	428
936	590
936	602
936	653
936	698
936	701
936	710
936	787
936	788
936	856
936	857
936	858
936	887
936	903
936	933
936	935
937	115
937	139
937	583
938	16
938	78
938	114
938	115
938	139
938	306
938	341
938	438
938	524
938	531
938	543
938	583
938	652
938	692
938	697
938	787
938	837
938	889
938	937
940	35
940	36
940	37
940	155
940	304
940	346
941	200
941	416
943	139
943	457
945	114
945	115
945	139
945	457
945	473
945	583
945	726
946	15
946	34
946	56
946	69
946	78
946	139
946	307
946	312
946	457
946	473
946	527
946	545
946	546
946	551
946	585
946	587
946	590
946	698
947	423
947	544
947	545
947	694
947	707
947	917
948	21
948	93
948	116
948	139
948	457
948	470
948	522
948	546
948	590
948	828
948	938
948	946
948	947
950	80
951	15
951	21
951	22
951	52
951	56
951	70
951	75
951	105
951	331
953	32
953	904
954	173
955	954
956	9
957	83
957	92
957	120
957	273
957	307
957	457
957	528
957	529
958	36
958	78
958	85
958	114
958	139
958	306
958	307
958	440
958	522
958	529
958	572
958	586
958	957
959	114
959	115
959	139
959	583
959	857
959	958
960	48
960	137
960	138
960	143
960	171
960	281
960	282
960	408
961	107
961	338
963	23
963	78
963	139
963	473
963	713
965	304
966	21
966	48
966	52
966	58
966	59
966	67
966	77
966	78
966	83
966	92
966	93
966	94
966	125
966	177
966	220
966	318
966	525
966	816
967	227
968	21
968	22
968	36
968	59
968	67
968	78
968	112
968	113
968	115
968	116
968	274
968	306
968	312
968	469
968	470
969	36
971	9
971	41
971	48
971	143
972	10
972	23
972	36
972	78
972	98
972	112
972	113
972	115
972	116
972	122
972	139
972	306
972	307
972	312
972	331
972	443
972	457
972	470
972	473
972	522
974	495
974	496
974	973
975	137
975	140
975	143
976	45
976	137
976	138
976	143
976	274
976	302
977	63
977	344
977	383
978	41
978	58
978	285
979	401
980	36
980	64
980	85
980	114
980	115
980	306
980	349
980	448
980	523
981	83
981	115
981	139
981	306
981	440
981	473
981	543
981	546
981	707
981	980
982	16
982	52
982	72
982	73
982	78
982	81
982	517
983	56
983	322
983	470
983	540
983	542
983	652
983	698
983	701
983	982
984	21
984	93
984	139
984	312
984	457
984	470
984	473
984	476
984	514
984	522
984	612
984	614
984	717
985	457
985	514
985	583
985	584
985	586
985	592
985	701
985	808
985	828
985	943
985	978
985	981
985	983
985	984
987	139
987	457
987	473
987	474
987	484
987	495
987	583
987	588
987	602
988	36
988	114
988	115
988	139
988	306
988	321
988	457
988	473
988	528
988	631
988	675
988	707
988	858
989	139
989	473
989	553
990	115
990	139
990	473
990	788
990	989
992	35
992	56
992	78
992	307
992	419
993	78
993	115
993	139
993	307
993	486
993	583
993	591
993	957
993	958
994	113
994	115
994	139
994	306
994	307
994	522
994	586
994	592
994	707
994	957
994	958
994	992
994	993
995	464
995	548
995	770
996	115
996	139
996	306
997	115
997	139
997	307
997	457
997	473
997	486
997	631
997	858
997	996
999	18
999	159
999	270
1000	195
1000	275
1000	282
1002	236
1002	417
1002	473
1002	919
1003	73
1003	694
1004	139
1004	552
1004	583
1004	707
1004	809
1004	837
1004	845
1004	1003
1005	51
1005	105
1005	114
1005	115
1005	139
1005	306
1005	473
1005	583
1006	139
1006	473
1006	526
1006	583
1006	707
1006	809
1006	837
1006	890
1006	1004
1006	1005
1007	443
1008	59
1008	78
1008	307
1008	457
1008	486
1008	551
1009	139
1009	448
1009	473
1009	588
1009	592
1009	807
1009	1008
1010	139
1010	583
1010	584
1010	588
1010	591
1010	592
1010	593
1010	707
1010	784
1010	790
1010	807
1010	808
1010	809
1010	833
1011	139
1011	473
1011	592
1011	707
1011	807
1011	847
1011	1009
1011	1010
1012	139
1012	583
1012	592
1012	891
1014	134
1014	155
1014	364
1014	1013
1016	29
1016	498
1018	168
1019	168
1019	291
1019	312
1019	404
1019	408
1019	424
1019	441
1019	1018
1020	112
1020	122
1020	217
1020	312
1020	341
1022	470
1022	514
1022	800
1022	801
1022	1021
1024	276
1024	932
1025	85
1025	102
1025	105
1025	114
1025	122
1025	149
1025	349
1025	362
1027	347
1027	457
1028	16
1028	357
1030	139
1030	457
1030	473
1031	168
1031	291
1032	223
1032	443
1032	624
1032	783
1032	869
1034	418
1035	347
1036	139
1036	473
1036	520
1036	591
1036	790
1036	809
1036	1035
1037	2
1037	707
1038	2
1038	139
1038	473
1038	526
1038	583
1038	588
1038	706
1038	809
1038	810
1038	851
1038	943
1038	1036
1038	1037
1039	13
1040	30
1040	36
1040	51
1040	52
1040	83
1040	105
1040	139
1040	457
1040	473
1040	478
1040	522
1040	652
1040	694
1040	820
1040	918
1041	139
1041	457
1041	584
1041	707
1041	825
1042	95
1042	591
1042	592
1042	807
1042	809
1042	811
1042	825
1042	943
1042	1004
1042	1041
1043	58
1043	75
1043	76
1043	82
1043	112
1043	183
1043	273
1043	457
1043	473
1043	520
1043	524
1043	526
1043	537
1043	545
1043	583
1043	585
1043	587
1043	588
1043	652
1043	692
1043	695
1043	696
1043	697
1043	918
1043	919
1043	923
1044	63
1044	139
1044	473
1044	592
1044	792
1044	826
1044	837
1044	843
1044	891
1044	923
1044	994
1044	1008
1044	1009
1044	1010
1044	1012
1044	1040
1044	1042
1044	1043
1046	139
1046	473
1046	555
1046	717
1046	857
1046	873
1046	1045
1047	139
1047	347
1047	473
1047	486
1047	495
1047	553
1047	571
1047	572
1047	573
1048	325
1049	139
1049	143
1049	454
1049	457
1049	473
1049	586
1049	829
1049	1048
1050	143
1050	160
1050	190
1050	231
1050	253
1050	275
1050	284
1050	333
1050	443
1051	228
1052	301
1054	545
1055	63
1055	124
1057	63
1057	176
1057	282
1057	1056
1058	115
1058	139
1058	457
1058	473
1058	520
1059	58
1059	76
1059	95
1059	139
1059	543
1059	585
1059	587
1059	653
1061	173
1062	191
1062	284
1064	180
1064	302
1065	343
1066	58
1066	195
1066	233
1066	962
1068	16
1068	36
1068	48
1068	51
1068	53
1068	58
1068	59
1068	69
1068	78
1068	100
1068	168
1068	188
1068	256
1068	1067
1069	206
1071	115
1071	139
1071	306
1071	473
1071	1026
1072	8
1072	139
1072	438
1072	525
1073	139
1073	583
1073	1072
1074	84
1074	114
1074	321
1075	321
1075	322
1075	583
1075	989
1076	70
1076	115
1076	139
1076	473
1076	583
1076	593
1076	631
1076	653
1076	788
1076	900
1076	909
1076	989
1076	990
1076	996
1076	1071
1076	1073
1076	1074
1076	1075
1077	348
1077	409
1078	58
1078	91
1078	95
1078	318
1078	526
1078	537
1078	630
1078	750
1078	819
1079	143
1083	151
1083	168
1085	187
1085	227
1085	296
1086	14
1086	36
1086	38
1086	58
1086	92
1086	102
1086	199
1088	242
1088	243
1089	168
1089	400
1090	37
1090	1055
1091	88
1091	183
1091	343
1092	76
1092	195
1092	213
1092	250
1092	329
1092	537
1092	908
1092	978
1092	1089
1092	1090
1092	1091
1093	214
1094	139
1094	457
1095	10
1095	330
1095	344
1097	114
1099	114
1100	114
1101	36
1101	115
1101	306
1101	473
1101	725
1101	846
1101	977
1102	2
1102	139
1102	349
1102	473
1102	495
1102	520
1102	583
1102	591
1102	592
1102	694
1102	790
1102	809
1102	810
1102	846
1102	854
1102	1101
1104	540
1104	551
1104	1103
1106	56
1106	67
1106	68
1106	266
1106	322
1106	419
1106	441
1106	475
1106	506
1106	533
1106	541
1106	542
1106	543
1106	544
1106	546
1106	587
1106	652
1106	697
1107	14
1107	33
1107	48
1107	49
1107	58
1107	68
1107	135
1107	143
1107	216
1107	298
1107	369
1107	372
1107	395
1107	440
1108	38
1108	51
1108	56
1108	67
1108	68
1108	271
1108	352
1108	395
1108	473
1108	475
1108	504
1108	524
1108	531
1108	541
1108	543
1108	546
1108	551
1108	585
1108	602
1108	652
1108	667
1108	694
1108	856
1108	911
1108	973
1108	1068
1108	1106
1108	1107
1109	10
1109	29
1109	107
1109	130
1109	141
1109	185
1109	204
1109	211
1109	443
1110	21
1110	23
1110	36
1110	59
1110	74
1110	78
1110	85
1110	95
1110	112
1110	113
1110	115
1110	116
1110	139
1110	284
1110	306
1110	307
1110	331
1110	457
1110	469
1110	470
1110	473
1110	522
1111	77
1112	469
1113	329
1114	38
1114	48
1114	134
1115	139
1115	473
1116	586
1116	588
1116	653
1116	857
1116	1115
1117	805
1118	30
1118	87
1118	352
1119	16
1119	34
1119	51
1119	52
1119	58
1119	119
1119	1118
1120	63
1120	85
1120	139
1120	307
1120	473
1121	23
1121	40
1121	48
1121	344
1123	73
1123	99
1123	139
1123	449
1123	457
1123	473
1123	526
1123	546
1123	572
1123	586
1123	652
1124	23
1124	59
1124	78
1124	95
1124	113
1124	116
1124	316
1125	10
1125	139
1125	344
1125	457
1125	469
1125	652
1125	1095
1125	1123
1125	1124
1127	194
1127	418
1128	59
1128	365
1128	401
1128	443
1128	450
1129	23
1129	36
1129	78
1129	83
1129	85
1129	112
1129	149
1129	200
1129	284
1129	307
1129	457
1129	469
1129	470
1130	139
1130	473
1130	558
1132	33
1132	65
1132	67
1132	168
1132	393
1133	64
1133	67
1133	274
1133	309
1133	310
1133	322
1133	373
1133	414
1133	438
1133	475
1133	531
1133	542
1133	652
1133	652
1133	685
1133	694
1133	730
1133	829
1133	1132
1134	58
1134	586
1134	652
1134	686
1135	67
1135	139
1135	143
1135	177
1135	273
1135	302
1135	306
1135	457
1136	139
1136	633
1136	885
1137	67
1138	254
1139	59
1139	112
1139	113
1139	115
1139	116
1139	139
1139	307
1139	457
1139	469
1139	470
1139	473
1139	476
1139	514
1139	520
1139	522
1139	546
1139	570
1139	573
1139	583
1139	591
1139	609
1139	712
1139	725
1139	727
1139	777
1140	115
1140	139
1140	318
1140	473
1140	536
1140	733
1140	858
1140	996
1141	168
1141	390
1141	404
1142	13
1144	114
1144	139
1144	653
1144	707
1145	51
1145	115
1145	139
1145	191
1146	95
1146	268
1146	449
1146	486
1146	583
1146	683
1146	802
1147	15
1147	16
1147	56
1147	58
1147	63
1147	69
1147	73
1147	74
1147	264
1147	321
1147	402
1148	1147
1149	310
1149	322
1149	526
1149	530
1149	535
1149	538
1149	540
1149	542
1149	545
1149	546
1149	652
1149	698
1149	704
1149	707
1149	788
1149	827
1149	845
1149	1148
1152	56
1152	67
1152	72
1152	83
1152	322
1152	438
1152	541
1152	544
1152	545
1154	97
1154	240
1154	301
1154	1153
1155	63
1155	134
1157	313
1158	68
1158	395
1159	33
1159	38
1159	235
1160	48
1160	169
1161	139
1161	526
1161	707
1161	901
1161	903
1161	935
1162	130
1162	204
1162	443
1163	168
1163	399
1163	531
1163	532
1164	63
1164	324
1165	139
1165	441
1165	457
1165	473
1166	34
1166	36
1166	48
1166	57
1166	68
1166	78
1166	85
1166	93
1166	121
1166	352
1166	404
1167	52
1167	53
1167	64
1167	67
1167	69
1167	70
1167	73
1167	83
1167	139
1167	311
1167	322
1167	354
1167	402
1167	419
1167	473
1167	524
1167	543
1168	36
1168	85
1168	105
1168	106
1168	114
1168	115
1168	139
1168	149
1168	349
1168	443
1168	456
1168	473
1168	523
1168	583
1168	591
1168	670
1168	709
1168	832
1168	842
1168	848
1168	854
1168	1040
1168	1106
1168	1167
1169	44
1169	107
1169	130
1169	204
1169	443
1170	14
1170	20
1170	136
1170	155
1170	203
1170	294
1170	766
1170	816
1171	139
1171	457
1171	473
1171	486
1171	487
1171	681
1171	745
1172	583
1172	592
1172	707
1172	809
1172	1042
1173	14
1173	21
1173	48
1173	83
1173	93
1173	102
1173	111
1173	121
1173	149
1173	331
1174	217
1174	294
1175	139
1175	473
1175	593
1175	717
1175	790
1176	36
1176	114
1176	421
1176	526
1176	750
1177	347
1177	488
1177	489
1177	490
1177	571
1177	572
1177	973
1178	24
1178	176
1178	379
1179	22
1179	299
1179	306
1179	438
1179	525
1179	526
1179	837
1180	63
1180	143
1180	304
1181	361
1182	29
1182	98
1182	223
1182	443
1183	139
1183	306
1183	556
1183	857
1184	486
1184	487
1184	638
1184	793
1185	168
1185	251
1185	291
1185	344
1187	24
1187	48
1187	58
1187	67
1187	103
1187	124
1187	432
1188	53
1188	55
1188	56
1188	67
1188	68
1188	95
1188	106
1188	139
1188	264
1188	266
1188	312
1188	318
1188	322
1188	324
1188	341
1188	411
1188	419
1188	473
1189	35
1189	37
1189	41
1189	52
1189	65
1189	382
1189	414
1190	379
1191	36
1191	48
1191	67
1191	306
1191	311
1191	395
1192	86
1192	134
1192	213
1193	38
1193	125
1193	382
1194	115
1194	139
1194	321
1194	586
1194	707
1194	1183
1196	36
1196	306
1196	349
1196	473
1196	833
1196	1040
1197	274
1197	448
1197	486
1197	487
1197	722
1197	738
1198	114
1198	185
1198	592
1198	1106
1199	49
1199	78
1199	112
1199	116
1199	306
1199	524
1199	543
1199	545
1199	701
1199	833
1199	845
1201	16
1201	58
1201	406
1202	405
1203	22
1203	70
1203	72
1203	73
1203	76
1203	312
1203	405
1203	406
1203	423
1203	518
1203	538
1203	1202
1204	51
1204	58
1204	70
1204	73
1204	170
1204	273
1204	406
1204	421
1204	517
1204	518
1204	526
1204	535
1204	705
1204	1203
1205	250
1205	318
1205	438
1205	526
1205	652
1205	694
1205	837
1205	840
1205	1204
1207	51
1207	52
1207	70
1207	71
1207	105
1207	311
1207	319
1207	402
1207	419
1208	273
1208	545
1208	1207
1209	56
1209	67
1209	441
1209	531
1209	545
1209	546
1210	16
1210	21
1210	83
1210	88
1210	92
1210	93
1210	105
1210	139
1210	312
1210	350
1210	457
1210	473
1210	529
1210	535
1211	139
1211	583
1211	762
1211	859
1211	1072
1212	155
1212	364
1213	139
1213	312
1213	473
1214	1096
1216	139
1216	457
1216	473
1216	486
1216	524
1216	546
1216	585
1216	587
1216	694
1216	701
1216	717
1217	48
1217	197
1218	486
1218	487
1219	36
1219	114
1219	115
1219	139
1219	306
1219	473
1219	583
1219	631
1219	788
1219	1071
1219	1075
1221	12
1221	87
1221	1118
1222	9
1222	12
1222	21
1222	38
1222	46
1222	49
1222	86
1222	87
1222	88
1222	103
1222	132
1222	267
1222	320
1222	363
1223	139
1223	407
1223	583
1223	626
1224	17
1224	33
1224	58
1224	69
1224	199
1224	312
1224	503
1224	695
1225	14
1225	67
1225	700
1226	268
1227	486
1227	487
1228	24
1228	275
1229	21
1229	24
1229	469
1229	470
1229	476
1229	514
1229	579
1229	1228
1231	51
1231	52
1231	83
1231	350
1231	520
1231	545
1231	611
1231	652
1232	22
1232	67
1232	70
1232	73
1232	222
1232	266
1232	288
1232	318
1232	438
1232	526
1232	540
1233	139
1233	526
1233	583
1233	632
1233	1046
1233	1144
1234	114
1234	139
1234	552
1234	555
1234	583
1234	831
1234	1072
1235	139
1235	457
1235	469
1235	473
1235	522
1235	653
1235	717
1235	857
1235	1046
1235	1234
1236	36
1236	115
1240	168
1240	398
1240	399
1240	400
1240	1185
1241	540
1241	545
1241	701
1242	15
1242	33
1242	67
1242	531
1242	652
1243	63
1246	36
1246	58
1246	75
1246	82
1246	114
1246	235
1246	524
1246	540
1246	543
1246	545
1246	551
1246	585
1246	695
1246	696
1247	16
1247	244
1248	59
1248	63
1248	84
1249	14
1249	36
1249	41
1249	99
1249	115
1249	139
1249	306
1249	449
1249	457
1249	473
1249	583
1249	808
1249	844
1249	930
1251	1067
1252	58
1252	139
1252	457
1252	473
1252	520
1252	540
1252	632
1252	776
1252	789
1252	839
1252	885
1252	1097
1253	48
1253	766
1254	63
1254	276
1255	12
1255	21
1255	87
1255	168
1256	673
1256	714
1257	766
1258	168
1259	139
1259	421
1259	473
1259	583
1259	592
1259	1004
1260	78
1260	118
1260	139
1260	185
1260	454
1260	457
1260	473
1260	863
1261	14
1261	49
1261	62
1261	265
1263	30
1263	50
1263	88
1263	89
1263	1262
1265	23
1265	52
1265	74
1265	75
1265	76
1265	78
1265	415
1266	114
1266	139
1266	312
1266	473
1266	543
1266	787
1266	832
1266	842
1267	59
1267	67
1267	264
1267	346
1269	74
1269	100
1269	121
1269	320
1270	76
1270	114
1270	115
1270	139
1270	524
1270	543
1270	585
1270	692
1270	787
1271	533
1271	543
1271	592
1271	697
1271	707
1271	833
1271	946
1272	48
1272	50
1272	52
1272	67
1272	70
1272	73
1272	83
1272	351
1272	402
1272	419
1273	236
1273	437
1273	734
1275	57
1275	69
1275	72
1275	311
1275	419
1275	440
1276	51
1276	52
1276	58
1276	101
1276	352
1276	1067
1277	22
1277	36
1277	48
1277	52
1277	53
1277	55
1277	56
1277	58
1277	59
1277	63
1277	64
1277	78
1277	178
1277	273
1277	312
1277	317
1277	378
1277	405
1278	48
1278	53
1278	68
1278	69
1278	395
1278	407
1278	441
1278	906
1279	14
1280	12
1280	51
1280	87
1280	89
1280	90
1280	310
1280	346
1280	390
1281	331
1281	546
1282	36
1282	56
1282	67
1282	322
1282	402
1282	506
1282	527
1282	540
1282	541
1282	545
1282	694
1282	697
1282	844
1283	36
1283	51
1283	52
1283	56
1283	67
1283	69
1283	75
1283	114
1283	115
1283	121
1283	139
1283	264
1283	308
1283	317
1283	321
1283	322
1283	425
1283	457
1283	473
1283	475
1283	505
1283	524
1283	527
1283	531
1283	532
1283	534
1283	535
1283	537
1283	538
1283	539
1283	540
1283	542
1283	543
1283	544
1283	545
1283	546
1283	551
1283	552
1283	585
1283	587
1283	590
1283	592
1283	632
1283	652
1283	652
1283	686
1283	687
1283	689
1283	692
1283	693
1283	694
1283	697
1283	698
1283	699
1283	701
1283	707
1283	708
1283	717
1283	785
1283	787
1283	792
1283	809
1283	827
1283	830
1283	833
1283	840
1283	842
1283	845
1283	848
1283	917
1283	918
1283	921
1283	922
1283	924
1283	946
1283	947
1283	981
1283	983
1283	1043
1283	1106
1283	1281
1283	1282
1284	524
1284	583
1284	587
1284	593
1284	652
1285	58
1285	81
1285	139
1285	273
1285	473
1285	526
1285	726
1285	776
1285	787
1285	1043
1286	33
1286	56
1286	67
1286	273
1286	274
1286	310
1286	368
1286	524
1286	531
1286	537
1286	543
1286	544
1286	545
1286	551
1286	585
1286	692
1286	693
1286	694
1286	697
1286	698
1286	699
1286	701
1286	917
1287	30
1287	183
1287	284
1287	308
1287	312
1287	320
1287	350
1287	532
1287	652
1288	254
1288	356
1288	417
1289	21
1289	35
1289	36
1289	55
1289	56
1289	59
1289	69
1289	83
1289	85
1289	93
1289	105
1289	111
1289	112
1289	116
1289	149
1289	331
1289	407
1289	589
1290	15
1290	63
1290	69
1290	71
1290	285
1290	419
1291	18
1291	197
1291	289
1292	78
1292	139
1292	473
1292	522
1292	586
1292	617
1292	629
1292	633
1293	85
1293	115
1293	139
1293	788
1294	408
1294	1257
1296	139
1296	312
1296	473
1296	583
1297	58
1297	75
1297	82
1297	432
1298	64
1298	285
1298	438
1298	538
1299	139
1299	306
1299	362
1299	473
1299	670
1300	27
1301	139
1301	473
1301	583
1301	923
1302	17
1302	33
1302	50
1302	53
1302	56
1302	65
1302	67
1302	68
1302	72
1302	74
1302	168
1303	9
1303	24
1303	277
1303	312
1303	322
1304	12
1304	30
1304	51
1304	87
1304	88
1304	89
1304	90
1304	310
1304	369
1304	390
1304	414
1304	425
1305	478
1306	48
1306	50
1306	53
1306	54
1306	68
1306	168
1306	376
1307	157
1307	251
1307	298
1307	411
1307	430
1307	434
1310	67
1310	68
1310	69
1310	72
1310	395
1310	475
1315	268
1315	283
1315	284
1315	669
1316	12
1316	38
1316	53
1316	55
1316	67
1316	72
1316	87
1316	88
1316	387
1316	411
1317	21
1317	48
1317	53
1317	54
1317	55
1317	63
1317	64
1317	69
1317	71
1317	93
1317	102
1317	120
1317	122
1317	282
1317	341
1317	374
1317	397
1317	404
1317	411
1317	431
1317	440
1317	473
1317	534
1317	545
1317	1207
1317	1306
1317	1316
1318	1258
1320	53
1320	139
1320	273
1320	775
1320	776
1321	53
1321	55
1321	56
1321	68
1321	69
1321	395
1321	402
1321	411
1321	419
1321	441
1322	114
1322	473
1322	537
1322	695
1322	707
1322	776
1322	923
1323	16
1323	38
1323	138
1323	374
1323	506
1323	1040
1324	14
1324	16
1324	58
1324	67
1324	76
1324	119
1324	285
1325	670
1326	30
1326	310
1326	359
1327	53
1327	414
1327	533
1327	545
1327	546
1327	583
1327	587
1327	652
1327	827
1327	1326
1328	14
1328	36
1328	69
1328	321
1328	336
1328	397
1329	391
1330	284
1330	438
1330	954
1331	324
1333	48
1333	67
1334	48
1334	57
1335	33
1335	58
1336	68
1336	395
1339	254
1339	325
1341	36
1341	52
1341	53
1341	54
1341	55
1341	56
1341	64
1341	67
1341	69
1341	71
1341	102
1341	106
1341	120
1341	139
1341	268
1341	311
1341	390
1341	473
1341	535
1341	1275
1342	863
1343	57
1343	517
1343	533
1343	539
1343	542
1343	545
1343	550
1344	1158
1345	30
1345	32
1345	68
1345	88
1345	395
1345	424
1345	441
1346	1274
1347	16
1347	67
1347	85
1347	139
1347	310
1347	457
1347	473
1347	526
1347	543
1347	545
1347	551
1347	692
1347	694
1347	695
1347	844
1347	1154
1348	134
1350	65
1350	67
1351	58
1351	74
1351	80
1351	81
1353	37
1353	188
1353	281
1353	291
1353	385
1354	50
1354	54
1354	55
1354	56
1354	64
1354	69
1354	70
1354	71
1354	72
1354	73
1354	311
1354	411
1354	419
1354	441
1355	347
1355	366
1355	571
1356	51
1356	88
1356	254
1356	283
1357	69
1357	71
1357	310
1357	531
1357	532
1357	533
1357	535
1357	538
1357	540
1357	545
1357	551
1357	686
1357	693
1357	1207
1358	168
1359	53
1359	57
1359	64
1359	70
1359	71
1359	73
1359	288
1359	311
1359	322
1359	402
1359	419
1359	527
1359	531
1359	533
1359	540
1359	542
1359	545
1359	686
1359	697
1359	702
1359	833
1360	36
1360	78
1360	105
1360	106
1360	112
1360	115
1360	139
1360	274
1360	306
1360	307
1360	448
1360	457
1360	470
1360	473
1360	478
1360	507
1360	520
1360	524
1360	529
1360	545
1360	589
1360	968
1361	36
1361	78
1361	85
1361	92
1361	105
1361	113
1361	115
1361	139
1361	306
1361	522
1361	524
1361	526
1362	139
1362	457
1362	473
1362	522
1362	546
1362	695
1362	717
1362	824
1362	828
1363	112
1363	139
1363	457
1363	473
1363	520
1363	526
1363	652
1363	716
1364	42
1364	98
1364	131
1364	142
1364	223
1364	443
1364	445
1364	458
1364	509
1364	615
1365	7
1365	139
1365	508
1365	583
1366	115
1366	457
1366	473
1366	583
1366	653
1366	788
1366	820
1366	857
1367	2
1367	63
1367	78
1367	115
1367	139
1367	457
1367	473
1367	520
1367	583
1367	586
1367	592
1367	631
1367	632
1367	653
1367	654
1367	675
1367	717
1367	763
1367	776
1367	788
1367	789
1367	809
1367	857
1367	858
1367	876
1367	885
1367	890
1367	910
1367	915
1367	933
1367	959
1367	988
1367	990
1367	996
1367	997
1367	1046
1367	1071
1367	1073
1367	1074
1367	1075
1367	1116
1367	1136
1367	1140
1367	1144
1367	1183
1367	1194
1367	1216
1367	1219
1367	1234
1367	1235
1367	1236
1367	1292
1367	1293
1367	1296
1367	1365
1367	1366
1368	27
1368	29
1368	42
1368	43
1368	44
1368	61
1368	79
1368	98
1368	109
1368	110
1368	141
1368	163
1368	223
1368	338
1368	365
1368	443
1368	450
1368	454
1368	511
1368	734
1369	29
1369	110
1369	141
1369	211
1369	223
1369	464
1369	498
1369	622
1369	660
1370	2
1370	846
1370	943
1370	1010
1371	618
1371	742
1371	781
1371	1243
1372	96
1373	52
1373	457
1373	473
1373	549
1373	552
1373	552
1373	591
1373	692
1373	707
1373	826
1373	1004
1373	1040
1373	1208
1374	9
1374	122
1374	143
1375	486
1375	487
1375	491
1375	638
1375	740
1375	741
1375	745
1375	1227
1376	584
1376	592
1376	593
1376	653
1376	707
1376	825
1376	826
1376	868
1376	990
1376	1009
1376	1042
1376	1172
1376	1259
1377	478
1378	652
1379	63
1379	115
1379	139
1379	832
1379	846
1379	847
1380	417
1380	489
1380	742
1380	781
1380	854
1380	1177
1380	1243
1380	1371
1381	36
1381	115
1381	139
1381	473
1381	572
1381	602
1382	58
1382	139
1382	473
1382	788
1382	789
1382	1075
1382	1236
1382	1293
1383	97
1384	2
1384	139
1384	457
1384	473
1384	583
1384	592
1384	845
1384	860
1384	891
1384	947
1384	1003
1384	1004
1384	1036
1384	1215
1384	1268
1385	85
1385	115
1385	273
1385	526
1385	650
1385	653
1385	707
1385	851
1385	857
1385	873
1385	891
1385	910
1385	923
1385	959
1385	990
1385	994
1385	1005
1385	1046
1385	1116
1385	1144
1385	1183
1386	835
1386	884
1387	114
1387	139
1388	36
1388	85
1388	115
1388	203
1388	307
1388	473
1389	26
1389	340
1389	347
1389	445
1389	501
1389	548
1389	560
1389	665
1389	913
1390	139
1390	340
1390	473
1390	553
1390	583
1390	584
1390	588
1390	593
1390	784
1390	790
1390	809
1390	859
1391	143
1393	35
1393	92
1393	182
1393	312
1393	322
1393	701
1393	1118
1394	1009
1394	1010
1395	42
1396	13
1397	36
1397	536
1397	592
1397	675
1397	707
1397	727
1398	826
1398	828
1398	957
1398	984
1398	985
1398	994
1398	1044
1400	93
1400	112
1400	116
1400	139
1400	307
1400	469
1400	470
1400	473
1400	522
1400	652
1400	712
1400	824
1400	828
1400	846
1400	984
1401	139
1401	317
1401	473
1401	486
1401	489
1401	490
1401	572
1401	573
1401	717
1401	762
1401	782
1401	1365
1402	486
1402	487
1402	639
1402	683
1403	139
1403	583
1403	592
1403	762
1403	811
1403	1042
1403	1215
1404	139
1404	457
1404	473
1404	583
1404	584
1404	592
1404	762
1404	825
1404	891
1404	943
1404	1041
1404	1042
1404	1215
1404	1403
1405	114
1405	318
1405	421
1405	508
1405	545
1405	705
1405	707
1405	840
1405	841
1405	842
1405	901
1405	922
1405	935
1405	1341
1406	583
1406	591
1406	592
1406	784
1406	807
1406	847
1406	891
1406	1009
1406	1010
1406	1036
1406	1037
1406	1042
1406	1102
1406	1215
1407	139
1407	523
1407	524
1407	545
1407	707
1407	832
1407	833
1407	947
1407	1106
1408	139
1408	190
1408	457
1408	473
1408	584
1408	592
1408	602
1408	789
1408	809
1408	827
1408	845
1408	989
1409	16
1409	33
1409	58
1409	76
1409	273
1409	274
1409	317
1409	438
1409	526
1409	533
1409	540
1409	545
1409	652
1409	707
1409	787
1409	839
1409	840
1409	918
1409	920
1409	923
1409	947
1409	1004
1409	1072
1409	1283
1411	23
1411	59
1411	139
1411	307
1411	421
1411	457
1411	473
1411	522
1411	717
1411	792
1412	139
1412	788
1412	902
1412	1074
1412	1219
1413	139
1413	307
1413	312
1413	473
1413	493
1413	520
1413	601
1413	1388
1414	56
1414	67
1414	68
1414	69
1414	83
1414	100
1414	112
1414	139
1414	270
1414	310
1414	322
1414	354
1414	411
1414	473
1414	475
1414	476
1414	522
1414	529
1414	540
1414	541
1414	542
1414	544
1414	545
1414	652
1414	686
1414	687
1414	688
1414	689
1414	690
1414	692
1414	697
1414	701
1414	702
1414	1198
1415	1337
1416	63
1416	67
1416	531
1416	532
1416	917
1416	947
1416	1106
1417	543
1417	1416
1418	63
1418	139
1418	496
1418	583
1418	653
1418	654
1418	746
1418	984
1418	987
1420	67
1420	139
1420	185
1420	236
1420	417
1420	473
1420	545
1420	701
1420	781
1420	782
1420	854
1420	856
1420	1327
1421	61
1421	133
1421	347
1421	445
1421	456
1421	462
1421	489
1421	498
1421	608
1421	618
1421	717
1421	732
1421	782
1421	783
1421	879
1422	63
1422	139
1422	457
1422	552
1422	631
1422	632
1422	653
1422	707
1422	763
1422	776
1422	789
1422	831
1422	857
1422	858
1422	885
1422	915
1422	959
1422	996
1422	997
1422	1005
1422	1059
1422	1099
1422	1116
1422	1136
1422	1140
1422	1142
1422	1183
1422	1234
1422	1252
1422	1285
1422	1292
1422	1293
1422	1366
1422	1397
